populacao,densidade_demografica,idosos_pct,leitos_uti,indice_isolamento,renda_media,obitos_covid
126958,8384.903760064268,17.146793979658142,4,0.5562840898908885,803.8045080335789,0
151867,4692.244666351753,11.419414193012699,4,0.46557042322103553,3803.994784627059,138
136932,4154.0468283532755,12.12182254904807,10,0.40802338644062225,1518.9759241075262,941
370838,2741.3366485877555,12.682249123157163,3,0.3827348442466434,1238.8260602929056,751
264178,573.1912115427618,25.075647445816585,2,0.5616092310635041,1797.5677064950526,806
124879,8648.576538787982,18.47903191688136,6,0.4664868124129258,2395.5821937553565,193
115268,8130.881081209475,12.782692478900092,4,0.3718637156119648,2798.806575387443,1405
212892,9997.179556128445,20.25834458277296,4,0.5756436325947296,987.1941709930495,280
59886,9966.402002368315,22.90376685557984,8,0.5260289132146774,4876.407997034914,923
142337,5558.762738970248,11.815600018338344,5,0.6434688219717984,3807.464824362144,469
480602,7692.1842776533,15.338727538133789,4,0.34699035955059715,2157.4150743622117,581
435410,9448.209641525456,8.04715233342369,7,0.6142666407777824,2138.5284805986685,1353
92498,8497.977432867341,9.528733738367007,4,0.5694067147269035,2683.8787073475296,221
379871,2481.0075364145446,22.02794634912457,2,0.34600437473123913,3430.2282556047385,0
393468,4510.935911747834,9.535958692390674,2,0.5779282919486883,1414.7668796736646,422
180203,1300.302557363435,18.129084591676502,3,0.47661891555193214,1593.5052178127999,103
196335,9540.969762314637,22.726156543060817,3,0.6779939142223372,4409.625247900914,2477
283167,6065.684598164292,7.6719230773685965,8,0.3566445402471597,1876.2706803341048,826
46090,2294.1416269795927,19.182805490722586,6,0.5571333563262952,2396.8189914957456,153
334365,6720.289837214509,11.414069592534094,0,0.45279201818517834,4459.341773990492,24
69820,6185.101122174379,29.073171880939494,8,0.6827258682363511,3585.2208834792546,0
267913,3588.0455531480766,17.08864116799812,5,0.4319899581161106,2235.189893235091,0
326879,1144.440346074294,25.149813744378953,4,0.6848743637967201,3671.5380920434072,474
199027,6719.016223972068,18.755663553906544,5,0.6605943404402996,882.6695046019375,1297
332069,5207.873932028895,6.085313321370479,7,0.4081532941242625,3889.699172047734,1014
257709,7725.460733439037,20.828784389850558,6,0.621416710730571,2845.467370168206,806
204041,5206.433376108814,28.785083555166427,3,0.6982416807214024,4215.365018594737,470
272455,8523.293188182215,20.040295503658278,4,0.40106520086851294,4809.478138427166,875
108355,5523.549319357111,25.479721485669756,2,0.4747108677293278,4688.311907877187,340
240796,5613.770335638509,27.105161583710196,4,0.5080722946267038,4618.913182512431,1515
219176,8767.769490556866,10.701994298723312,1,0.4179724543215457,2951.113814922326,520
189779,4040.7938334618466,10.301120997705667,9,0.3061059358584119,2312.59687938354,361
352449,1348.812132221901,20.274524721274794,3,0.38805169767901065,2753.148363868826,0
426909,297.53893637025635,15.275711745167618,1,0.41277475373670336,3697.5632139161153,189
470148,7553.821184179454,25.99653257166801,5,0.4774398805272748,4512.790662858984,1210
263795,6206.892418021112,27.50057808495028,4,0.36844099136536074,1669.342472600502,133
491232,7043.756883311244,13.835534482567953,6,0.649301742676669,4656.411265539153,277
397752,2137.5119734740183,10.921763974362051,5,0.5819644530925344,4223.756974273534,747
161730,1372.35104111183,24.513137881096547,8,0.33408019102386477,4911.195263748586,0
351622,155.30121002214048,11.870150888703403,5,0.5600369804559726,4497.057447783086,784
389681,3512.3697124779037,25.56535796284196,7,0.5614625905622481,1975.736784706008,286
154503,5903.277691677785,15.59345634121907,4,0.682488469457451,1245.0148276450004,306
135523,3928.518010546326,21.68874748228676,1,0.3012083485424645,1271.4125023646723,0
7747,4380.374471017053,7.388382845866705,5,0.39917297992232287,2023.1379380287597,520
128855,9042.545357992547,20.596483116914325,4,0.6711165917501262,3379.5716407350646,1954
457366,3489.0721155627703,16.294191968430727,3,0.6728535661593131,4178.145369608124,862
70725,5144.75499670651,19.665211579386852,2,0.588234567748255,4576.8512893225725,79
134981,7838.693597284019,9.200355193621586,12,0.606305328419016,3419.764214350778,1160
89654,3971.462395389489,23.421843623604552,5,0.3365931831718588,823.6515135418257,318
433989,6224.646135276456,26.569926938580714,10,0.5055503339112934,1582.5304613778408,1406
386490,8625.013450379984,10.418495002269392,6,0.39263319651559975,1218.8500561841454,1050
72435,9495.711030339844,7.392863888004043,1,0.3724872174454469,2325.9627973898423,0
324030,1479.264074481089,5.59096465115841,6,0.6241213196493329,2905.674173261733,0
333947,9266.610375363329,21.04928751108165,2,0.35401525467221895,982.2681500299556,1225
36551,4926.241767864586,20.17735090221952,4,0.48746065479855405,2263.607498341752,564
383360,2589.861439106594,18.66743531785175,5,0.6754312958344132,1552.554633426355,0
278538,4596.76620482023,10.798677402899386,8,0.374332822226137,3517.6946982872705,144
336236,9800.525427101915,14.772649897637868,4,0.6911973694952938,2749.943951162228,0
8890,4931.254758988767,19.861908379654324,2,0.6977151943044235,2880.334117122417,427
46606,3294.228586772207,17.419171471479235,1,0.5222468618729611,2596.3055097405368,1474
494492,6337.6745346240905,29.694638005372184,8,0.3680570960708631,4815.282784043581,1195
261840,2409.054731594149,8.410993813918328,8,0.42644195517635824,1701.8875255105654,1400
478254,767.8746478055525,22.378613851189844,4,0.469797133070614,2969.989891344272,839
354457,1297.5084218873858,15.107969202607304,1,0.4237296897432892,3891.272947134411,836
146699,1289.1779311881467,15.704990373140369,9,0.4122542319506063,3138.7465351651626,1306
275936,1527.5079081878205,22.939944141454404,4,0.688891883686543,4701.887720010564,602
244931,1396.8834547676072,22.31090378310924,2,0.36134593096629825,2387.4670936933935,274
244629,6412.338700584114,29.78139984255471,4,0.5933311634867449,2747.4383842473476,1219
210041,1826.9820431474568,8.20985723635313,3,0.3001641157756699,1171.7937239018593,963
179073,3463.2161604053936,7.602741234604158,8,0.5384730677609507,3357.7962664180995,107
212624,8968.916214961058,23.108470428218528,9,0.666377201581621,2010.4902674820453,413
422113,4744.876786226095,19.459672925160227,4,0.4151736376372876,1473.2979659653893,612
73148,6678.901807825062,11.854016663995147,4,0.37421039010308765,3087.031430198934,926
257801,1731.475513304282,6.985484224724665,5,0.5606719179513708,3035.7031061956245,651
129243,1930.9672978986212,7.141456239910763,11,0.5850405629193572,1118.6608931409996,0
256995,418.2774765021238,27.354771866602956,8,0.5752122075807925,3732.504904676786,1367
387318,1697.6612800909238,9.796683117968573,6,0.4277267520085496,3419.843200733582,0
159555,2793.1174869292668,13.08428905288802,2,0.4008809608637323,1593.8725875352884,187
391502,1778.3347379247007,10.6664100556747,8,0.6823675199848176,2771.6264210469844,0
53555,896.1383122329855,13.874907645798432,7,0.6693198033079717,3825.356249209952,1603
261508,1215.1523522950022,6.735596068652335,6,0.4829266439571281,3023.6301102733614,352
284303,4613.17989264693,17.976494772706758,5,0.6384775464617494,2461.054119970995,78
377654,2071.273846873867,6.690314089805373,3,0.48092939105371835,2153.8215239399633,704
111530,3649.055911870274,25.00891269555904,5,0.4697556072290041,3363.654239905025,888
85077,5039.13853584002,10.842802047760825,3,0.36270517903971783,4744.25653290301,338
303064,6907.044338007359,18.500297865112763,3,0.4705624225967891,3621.3283300054304,1053
490283,402.72827701257836,27.001977189036456,7,0.5149667754399228,1113.932795272525,11
465337,7996.109885101336,21.271934226179855,4,0.3090017309714746,2734.876888624962,500
205551,6282.724891014169,18.323944663783383,4,0.47764520207016253,4541.461352344635,0
487691,826.7727291692304,13.10834382788439,6,0.61254248735808,1196.7421883645648,0
286601,8737.050454826704,13.325047826454949,6,0.5720184225497079,4953.277990977682,1599
464773,9209.515281312813,21.737173879954753,3,0.5540627955455739,4786.09145331077,1643
213261,620.1688189500888,29.853484030529188,4,0.663822171374881,1128.7528190654787,423
245181,2776.0077049905653,21.545979746234465,6,0.307212803930092,4720.335945888131,1305
346097,8063.9507851326825,18.944585434250623,6,0.5228190344768936,2325.1568790897413,624
320139,7485.114306932747,23.266262755981153,6,0.6149395393638828,4347.7785017186225,610
176829,1853.3649833702095,16.630140307092955,6,0.5165341530805069,2557.2100183957405,367
276836,2101.399740133736,6.50355856501963,3,0.42955822103215163,2651.591473350567,195
443974,3711.016306885906,19.057420396947744,5,0.3545002260367911,3463.820982105679,409
470625,4850.384622058303,28.940632112634503,2,0.6550252287264765,4052.8051609591303,1235
207283,6186.365167587656,9.382573558941491,5,0.48830495695504117,941.9144339826443,544
201769,3695.4472593020264,22.250122270516645,3,0.6512460787942805,3291.255181213964,838
42065,4630.721814170148,10.023342216476411,3,0.5343408489732673,1584.278575208958,876
228165,7477.234671956227,18.39569211182703,5,0.5696768466460003,2252.987975025452,833
104299,376.465196877073,7.41691124116799,11,0.62170446175138,2261.4683978519092,0
430822,2531.8450739967675,16.25927340645463,7,0.5636622178400537,2770.0534289288453,0
16534,7136.362362986679,23.904083222381153,7,0.45922193627157504,2203.372929879928,721
492879,8953.116308495122,13.689288105974551,4,0.5054533535714604,1250.9166974928046,619
45397,5121.657646735504,21.62279311218045,1,0.6212182098703519,1411.640701806896,531
262750,5325.813717800504,24.88624901974323,4,0.44946011854919365,940.4395393566102,580
358531,1080.6483932843628,28.179445486986317,5,0.4552485827073988,2775.0461583807682,1742
268160,4479.649544566312,10.866052046386338,4,0.3382760464232004,4808.680318382552,0
488005,5330.846491885682,14.982897895232703,4,0.665833774088699,1285.8359393220894,0
60591,2432.2803313109494,8.810400333260436,7,0.33641452597817667,4774.310870612944,464
225884,2699.739877184316,29.81208755395938,6,0.5592836709794223,3880.1183618747928,347
28247,3779.06878941518,28.175024198107383,8,0.46527779152111903,3477.4949723234854,699
29300,210.5112657994864,18.49892825701399,4,0.46224775610217694,3510.166572358964,539
472281,3227.570864175951,26.05083235941053,3,0.5718207346290736,4272.256123264385,1204
87798,2122.365589895481,18.023949431801057,0,0.3268374930519515,1249.0634303952497,0
14268,3281.6985482573673,20.589642200068994,4,0.5374823131805738,2919.9681589752754,132
353951,1206.4236968743196,7.2281108029004155,1,0.6088127143889419,3727.782780695186,447
279329,8906.36753459155,23.881760512420197,4,0.6312851031546376,3264.6458693089676,1165
199776,5939.9886110049465,8.192837090880872,3,0.3682121557575101,4297.672098297837,1566
222851,6794.232168253451,25.651690756313208,5,0.6589676200312694,1103.5411778476764,1141
437315,7893.82067368731,24.550702191759648,6,0.5624584367389769,3700.944365896497,755
406787,4989.437567301282,22.71861744357441,6,0.652741920328273,3042.9164676158143,160
241584,878.3336779933627,5.904009513119053,4,0.49411228684407926,2392.4756287157625,0
43044,5375.694352767292,12.578208898633214,4,0.5168133380388807,2229.15492538293,138
318358,5872.542769028582,11.577814247771071,5,0.6676153108114684,3407.4970576516102,846
459444,7456.940347101457,14.003410186787978,1,0.6599638173418687,4542.180573505912,770
381896,4322.278866834497,7.191068669095964,9,0.47926434934760076,2883.938889624684,0
53984,1284.527224927682,28.42394557577657,7,0.40976505265427265,4263.837289123065,210
307918,2844.9212989292573,18.845056017809405,5,0.4572681738257056,2489.0568037446637,871
269712,3637.1921410223645,12.638107766450588,4,0.45510573141189986,1230.0567437313416,561
125151,6462.713240902696,14.924537926857086,5,0.41474674999311756,1058.324093126282,809
460808,5712.0752636424295,16.18006351262089,4,0.4074318417331866,1015.6043595594458,753
465779,3567.4062917194838,20.014858334015432,1,0.6444251745918878,2396.630596222214,1300
138767,9865.287335441868,17.891985692412444,3,0.32794476827386465,2216.3985535105367,848
129375,6061.690445375302,27.984799330360435,7,0.5710444728398376,3815.335499214792,477
184262,2379.8956494425847,17.424087072645754,6,0.3691280205825809,3919.8503066564363,0
141330,1026.8069014778334,29.803950370582818,10,0.4378023573576253,1013.5866691017072,553
485754,1537.062800451477,26.285623943627392,4,0.32461721365393476,1728.7177041338628,0
306648,2467.1177065612364,10.212762858933395,5,0.4079894547421848,1951.8997706673788,231
169231,1615.2069188629612,28.264880366097906,6,0.6073684284468968,3099.9703333997995,343
18986,1873.8045702725447,7.909159947136902,6,0.6540061298189034,1406.963940409191,0
66858,2858.1007352515326,25.43624271227979,8,0.3886108607609468,1362.5531214800017,0
134312,1742.0022169946008,14.515582336914502,4,0.4854191357035687,4763.913334673423,721
17666,8968.686592017988,26.949358011126737,3,0.4881296191748825,4177.65221065068,883
305804,811.5351191598056,26.70141725268626,3,0.6494301223038936,1558.7505887829152,437
139633,5249.868781806844,25.148135002940528,9,0.6051196211503221,2507.584793203062,753
293998,4109.864301626719,24.750760907676536,7,0.5052308873472199,2293.6123968817756,605
331649,9823.962382916978,12.61697847745102,2,0.5682988801887093,4122.217111074711,1344
109488,1129.268632658843,7.022982076281305,2,0.6389420215637467,2942.894249208113,236
188323,3984.577434466959,15.074504469129037,4,0.303815581610218,1336.9688953725615,0
289806,9695.009628420936,9.338112874662716,6,0.4611560124200194,3903.7666652562243,1510
275536,8656.416187680863,22.373777222561543,9,0.6628972669108314,2466.9295085446593,953
35535,8172.549988783307,13.652493163444639,11,0.5961252123375805,1904.2818400550177,319
476819,2586.449242178949,29.39025502149787,4,0.5171365497336298,2377.0942124870244,0
380713,1717.1669980267575,21.0243019336333,7,0.5118578108140533,2890.5775671489646,623
319400,6689.745767045066,25.562014090859023,7,0.4391080390417751,2241.0851689514393,644
356279,9294.466131384583,8.313116818546211,3,0.5082082134566057,1816.0042448853828,1429
394622,5572.061301209159,26.550362056815565,7,0.5621532797853812,2473.7085209767174,498
302366,5720.410767804299,28.06892976283486,5,0.4673452153715172,880.5262251495726,232
82373,2806.991145666239,17.176547970473397,2,0.5856612585568696,4044.4909536045184,815
477791,7697.23440258745,20.156323443774436,9,0.6444928909041543,1517.9685529838603,1191
128684,1878.5670480896586,24.120245022574885,6,0.36187393927394446,984.3993772486765,477
494570,3243.5555716783942,9.370965681510313,3,0.48061880912696975,3545.5345102013325,733
482867,4260.110021778004,17.56415191158606,6,0.4632080365140324,4050.5317410594234,527
461551,5081.027683057706,14.966575694307828,3,0.5749859216198911,4218.082352689942,658
278109,2431.6732268266514,8.659349804056227,2,0.3999469861031717,2872.7385671745196,877
29538,1157.2198791446433,14.188360557288286,8,0.5561003659809105,1662.5463756979384,563
375210,6110.0942239919095,6.704307734637339,4,0.6509956966925952,3896.3562444492723,408
206664,2893.419226870155,5.645297673737175,5,0.46725263991744903,3738.794924048216,971
496234,5816.569832011896,8.379157228870568,4,0.664406279991688,1834.3370832333276,0
380396,1552.0835255892812,29.077877789729346,3,0.6972654955733913,4594.312574623731,1517
144182,4816.589617529627,18.738238397375426,4,0.3424368199791808,1238.3601239478817,0
477525,5330.568431190342,29.1455540288305,3,0.39322127519394345,4927.290606283568,396
163338,527.7171328560448,15.8124469582533,11,0.6801519005928373,4413.040806105351,282
189064,3372.6767391572666,12.795403327131488,6,0.6833310745925547,3689.174311012116,314
219020,1352.8026226203526,17.653546571006103,5,0.3390829101547034,4742.749530775298,856
103806,643.1159550229497,15.987792215822752,5,0.30599940015085464,3833.7069069595727,0
405126,9899.702721575553,7.641617106543598,5,0.36444000930256887,1599.9193875261928,816
378133,3230.3149112974825,21.020657867255157,3,0.6984051133528992,2657.0557800738093,185
95982,8100.645714087802,10.40095456273999,6,0.3719998466442747,1100.3127021928685,709
126626,2553.860141090001,20.48969887244574,4,0.5010190426888093,2436.5611736100846,359
124176,6818.212195017053,21.255027309953835,5,0.6393670905722044,3914.7326828962764,676
398422,7604.676320297968,8.800621328216202,3,0.3081606442752825,2423.062073909433,306
223126,5960.431018672364,6.533740677766704,7,0.5417955929033837,2187.235536966163,198
223969,4721.046123616082,24.519039651710994,3,0.4108101795478497,3300.4940345433097,709
127409,4124.290732331213,16.495010594233005,6,0.6449339665758926,4463.259021795358,930
28419,3495.193982764523,6.454094887636895,7,0.41338445970563165,999.8494086936722,0
448852,9295.99615103578,29.87165792924418,1,0.5747022881127635,2418.9758257388885,436
258618,8307.887883799414,6.444514024909166,6,0.5696878529789587,1464.6111156241034,871
250310,9650.61883755846,22.37588072146383,4,0.38859741954385596,3720.4878530738524,789
55015,1251.7292626205917,29.59197313158534,2,0.31391967994734005,1244.0431538107664,800
253550,7311.366077284406,10.97950260539814,2,0.4636998295141589,3592.192586037027,109
127096,9384.021163642168,8.556234217179904,5,0.41567726078634787,2001.9596573512108,0
112059,1820.5183309949448,8.034623485560722,5,0.6235910998454834,1635.4506176963437,0
190340,674.2977109941072,12.581878689189889,3,0.6201456753821382,4732.680742864939,0
115687,7413.79528640769,7.526145275266167,5,0.48280958087705017,877.8032223330147,453
355083,5748.98640066732,22.3040335423533,11,0.5426048901292875,2638.6645419361894,333
416357,8419.869479815137,6.557294953251567,2,0.54170380639477,890.8333683395339,948
216428,1406.326042496632,17.735553203744743,6,0.6308632593710493,2831.090802038182,192
110878,7954.720445480303,29.91742134632442,5,0.47000096564927896,2904.3989867365567,838
207982,2024.2569272769679,25.34925673765047,3,0.4101786719162036,2150.9823798579373,503
454260,1644.922869228388,20.38048595577527,4,0.40601396725621897,1355.0794656050994,499
203286,1651.0153213306194,12.656340519665292,10,0.5144769117128816,2380.8276584847963,301
254002,8147.601455111508,20.59739590729096,1,0.479659281092885,3623.5043477167774,951
255396,6655.32023475504,18.17603659779129,8,0.47604830839397444,4086.0623963067283,239
169899,5235.423593443502,15.652084597259288,3,0.33645493563588286,3029.152530030198,1190
454036,3594.7165363937897,8.267759418504987,5,0.5874414962760782,3277.3044566469734,280
329767,8773.233402722952,27.165105381011667,4,0.38549467519276426,1642.5887587235413,149
479950,3930.5266231521273,16.24461622053306,11,0.3787814520834885,2006.7873995561276,616
342594,8167.828400321056,9.865562795519127,3,0.46510332811095734,1479.9615622199053,170
360570,4396.957736616482,14.19398377193224,4,0.39111133664712056,1847.0404700193676,797
384989,3775.6748499548266,15.353243813223175,3,0.5335433069232061,1744.5244769472333,1545
420515,4632.171058839368,25.688447389171856,3,0.44858533573378856,2981.684902843198,215
48585,3020.764962899779,23.34035951403505,8,0.479564689037116,3163.2927743210635,622
376369,7478.617707960749,24.232622341033494,1,0.5148677286416115,4768.779167450319,0
69044,5032.176697023867,5.27578161071618,5,0.38141420899272194,1621.396717826397,578
440773,2329.8048245167047,15.403849954494039,7,0.3623006491462119,3495.037982678283,0
447296,8996.74998701294,17.03360379088309,3,0.6521687611494419,4232.488929747597,441
114556,3845.073301518382,5.479806920576417,7,0.4734894811325684,3153.0141478888204,0
7693,5440.093082528746,11.495330218625856,5,0.4648374438530156,1871.015340504518,788
493219,9065.656388535825,24.007245578053375,7,0.3142448601091366,1902.710966084001,1343
362403,6246.137579180781,8.427742643224976,5,0.49919052103495726,964.8628228981996,505
248307,1177.8114266765572,18.38275328631479,7,0.5216678886444,2082.865751503623,0
205235,9398.922914898616,10.380046800430938,5,0.5235363483818666,3927.3354518141964,1463
30939,6280.8034501834645,5.303019366097332,4,0.5828124677291537,999.5745802698636,16
447141,3355.7070904242905,11.030036439988537,5,0.3709927339964047,1721.040186520289,0
441157,1401.3280059072388,29.396843872751344,11,0.4008892536922475,3766.176493833484,766
157906,7942.311640810257,25.03842779707474,7,0.6242921860921651,4087.136563856082,190
23047,6204.52683172585,28.989416108025836,6,0.6788682467373576,2712.3373222600994,1142
293249,5339.276308843452,17.196351098159063,3,0.35437309894692826,3731.912221610325,352
80766,8939.986904679066,7.743404966937588,0,0.49905982180208724,2429.399108350546,856
413923,7888.086140133062,18.698987224342325,10,0.38567050109583473,1471.6356291013356,1421
420192,1525.2320485301843,16.359433363999024,5,0.32402926734199294,2472.2278727962075,0
49262,3124.103457277527,26.1089270684904,5,0.4302013352504541,3235.8648448532,192
392261,2492.4065067465126,7.452064519606115,3,0.3574750500736851,4781.82378378214,295
290920,7442.023462801043,17.206028425544453,4,0.5839732293736986,1088.7539987724447,1390
166152,344.98902301043603,8.751216617349606,2,0.5134901654685777,2931.0551941488343,0
133376,5703.197951864452,13.1168981722515,2,0.3575337883961243,2181.4630684850426,170
465058,7626.9622705494985,23.43392693469499,7,0.30369663536220576,2934.909115962117,1006
459589,8768.888711249878,16.900453234219164,3,0.623262819609685,900.6968789814331,422
142848,3427.3966696719153,14.397207128644233,1,0.37047776246569897,2114.7064897466416,438
97787,8214.360473673409,14.861906964250883,3,0.5424866568883063,4243.446219613421,0
132948,1115.2110521825202,16.486169210149665,7,0.4347687652306982,3126.5552821894776,1411
60016,8466.058394427837,24.62541359592642,5,0.5341943753260142,2692.4464698276934,48
407690,1283.6117366965043,27.30211722350586,5,0.4262614507929296,1999.2053012044262,294
456269,3978.900032698069,28.88336716259821,4,0.33477582427690167,2051.7785957236947,596
26959,7974.980704137741,24.672584656382377,5,0.38918000342310144,2409.0260210804545,1648
141602,1507.6750992142502,12.88517239370032,5,0.3752234265916302,4309.396981851154,0
230928,2300.2214383740884,22.203367652163553,3,0.4712077409758575,4862.295468594727,1429
386245,7225.303158246732,15.940078101384799,3,0.563313513370463,2642.352601671573,1006
270892,7203.165000095283,11.366765551151278,6,0.405522429978543,2452.0819227406,782
233576,6415.06485252412,26.021789485648064,6,0.30482797412024715,4355.513258443423,202
496314,6942.544960226329,5.960658724058125,4,0.5075749457059027,2593.002346672475,827
18545,5431.817189042486,27.544049803385587,9,0.5423037957435888,3118.4763236417352,254
394803,2525.472598480458,16.53693661561835,6,0.6851481976007239,1769.9549913147266,1037
464415,3463.502975104155,20.93003692020701,5,0.5357883212372987,3922.710650272116,43
170838,1824.1611908462423,21.483848055144566,5,0.48846902375125667,3034.350936737284,329
340674,9085.421107722947,27.37794351766341,4,0.5293606503590815,4197.945111009435,569
360701,5838.084029713544,20.916742054180183,10,0.6711602519448108,4079.0774661204127,156
66087,4014.5056534687624,20.348339619001543,6,0.6313512582406584,1703.02002673412,822
494055,4625.437978404885,6.6663010140172485,2,0.4291914933455232,3805.669312342602,703
73840,9473.360562722035,17.9602005486301,4,0.3949017454628549,4160.228513395759,1326
123451,1541.9805171296412,8.754225020426041,3,0.4050534449464294,2253.6504112860594,0
452600,5866.436021847804,23.43584421803714,2,0.5017684158860851,1524.958274189553,1165
318149,5063.827902055815,17.805548020316863,5,0.5976197804914312,811.0550534342703,1768
444792,6118.427811992132,22.00569448020883,6,0.5012876828731848,2693.7953429912222,436
44353,190.9207363701967,6.041822515059607,5,0.32711855833124504,2280.217472463135,1067
198075,8722.517850352073,7.11980040114508,10,0.5894322801759924,3130.6213020667174,484
219283,9321.861642011288,22.908084701567056,5,0.6223880514683815,1589.7725888729,81
319877,5655.680504056198,6.802108399966834,5,0.4157991460478878,4410.595300199196,322
70318,6969.5417305301535,6.781418194131465,4,0.5656502957133401,1882.5719056380606,981
246025,9225.768817961183,5.302711880872186,4,0.4706367604217573,1751.0043413681299,172
487690,7075.313956790852,28.912534957487004,3,0.6556477422909771,2818.999037234295,470
421880,1533.8650387134708,23.437708986475172,6,0.6380902232642959,2895.174299725952,738
72172,5767.120718066463,13.831285212551604,4,0.5101727993238568,1703.35796089739,469
221688,6071.08331336473,12.413389532191381,2,0.5766022183254378,1941.8150522488463,782
261951,4247.065406310836,13.742580743646238,9,0.6533398804088415,1512.7620044520286,568
98264,7367.077913890981,24.366338279529547,5,0.4982868040313102,3817.5327489573006,924
251458,9344.326477542458,21.534265276760358,9,0.4253002961955288,4034.373931267144,593
293880,9256.429443938696,9.629889196686698,5,0.6014664551638325,2741.779689328987,774
230281,4513.88532032728,9.35273338335211,5,0.38802650191387666,3799.165495277073,0
117859,1141.248077949145,7.459891242834933,1,0.4554124592024168,3890.9286461372712,834
379325,9848.563577633722,21.507567992533453,5,0.6462908948427174,1380.7572162467961,492
399070,8390.591883594881,24.109316555543398,8,0.5897689361077261,4857.947704305054,1381
357228,1255.380185220636,11.6261607081251,6,0.4615244020989997,4248.334177805011,196
436839,9209.21040734755,5.52362402577282,2,0.3858978009633429,1658.8305370224587,722
274536,8700.264657000662,7.054291686910684,5,0.4423873563328946,1581.893150133495,344
322824,5193.19219068946,29.19650087112576,5,0.41364165969097316,1327.7768114342475,138
262426,5916.841603091843,12.386119436935505,4,0.37043571517754154,1381.1899626760573,0
182789,3996.0370116626013,24.23057869595334,6,0.5973331654262626,3942.2795559205238,8
223164,557.068771832093,20.616589221356595,5,0.4008279547400686,2772.547879196819,161
318003,3358.6204440425504,14.548490991322398,6,0.4816669880671055,4088.3235255074424,544
130657,8030.505951494134,10.142181554888879,5,0.4543437787344436,3934.270556270863,1089
240167,56.273909815982556,8.034660453985161,4,0.6928309514542523,3339.373396721931,0
162381,3341.6567251945303,20.375324200971665,7,0.4564368976592882,3682.739747630454,25
485671,3987.705248973524,24.3658445159447,5,0.3319929931187019,877.0940423923955,0
199806,5378.582073349849,21.097606338528266,7,0.3359303010288336,2109.466116581092,809
75467,9199.357607963477,18.25755333122896,6,0.5363014885412258,3478.853152889523,1403
188734,3469.9964837159528,6.048780585790906,4,0.5397454206953062,839.2488046422257,922
103506,3476.0624869433145,29.212219439859595,8,0.4675035961930619,938.5031634668924,881
114751,7377.637468616386,24.967854791364363,4,0.47273747692481183,4377.929526375609,1015
386050,4527.657229489174,12.32055091752412,3,0.3215730331363485,3672.9044191067014,1320
410904,2253.8021811704198,29.499258233971265,5,0.5066186041557048,1914.5528791054446,689
292486,4529.870766165607,20.047039740908055,10,0.5018957901521406,3689.443928498578,885
173229,1417.1616335942006,19.56056645518116,6,0.3598197274227778,4128.318010384906,204
466079,1772.1059951971708,23.7018294857383,4,0.341535754444371,2088.5359890624254,0
373452,4988.694049667402,25.29424470225344,3,0.3494289962397962,951.3569854965873,252
450299,4195.065240550433,21.411965183287567,3,0.3404112985965034,4717.6723236884845,564
111081,9149.31055167032,8.202393659155,5,0.5438832782147038,2249.755320841648,628
463949,3630.315052175165,13.45668764986246,2,0.3785930609611674,1247.2234057957667,1386
94045,5810.077619277654,28.202091008151243,6,0.40057206087498537,2865.798859851219,682
39698,6326.320236316108,10.615390296096297,2,0.36942885766057587,4027.564741789362,1062
115078,140.81362131745303,14.304175595937833,5,0.6831341217794011,1730.9187213937485,0
347767,6638.7383464469385,15.8019220736049,2,0.6418469852607341,1931.858210560126,420
27671,1788.5793090288169,15.985124742361304,6,0.39219793494060834,1819.4029445540493,0
423400,9611.092471519856,20.323489562363136,3,0.43102651756885035,4965.026821893049,453
360528,1495.1406502535983,28.57689594361769,5,0.38395713692199884,1629.0956816682788,729
440323,4152.094996032967,11.017317795812623,2,0.49675038378432945,3217.1849112577206,441
91202,862.6431841056522,8.037534407522951,6,0.30784421298970144,4686.11149495925,683
56663,9968.773775941014,9.936762246498432,6,0.5685472035587182,1416.9655892866729,732
20708,5026.928153209114,27.17312250523174,7,0.5092632599270566,4877.587631044341,424
359050,5957.8963230272375,21.14527031638015,6,0.6594555713204413,4779.404384461623,1719
316955,680.0940091103905,12.147669730979004,6,0.3657570737313656,4515.202345644702,239
138883,7502.105099287786,25.398673474215432,4,0.6216436984244527,1701.1373895860095,1262
323394,2106.956875024902,26.5342499090859,4,0.6167844057866863,3463.03123524613,277
117547,8981.56235151273,26.16285846725695,7,0.3508724756867547,3995.7441864372086,1156
470298,2059.3450084152514,27.97316334098886,5,0.459423689657651,4941.317298425005,1005
391393,1914.970329430029,11.30602550433404,5,0.36806105645780673,1557.7800527417558,424
39754,375.13118180246784,23.87604821865696,8,0.4018882001830195,4017.3087779810453,0
231814,4725.948781648893,16.5134874318535,4,0.40529846993221774,2222.964913693874,491
242714,5652.762921293538,26.049963822251538,2,0.522494557610309,1537.6311553856099,1221
147483,666.4293078892401,23.21226692904033,3,0.46456437270418616,2569.7831530981907,590
138983,7757.520890783156,24.411186162493117,4,0.6790931216025221,4134.110831024189,930
465486,4538.355459132796,21.404045942026787,6,0.350548056778802,2752.369175557019,0
219835,5248.6587905825245,9.43571923674267,9,0.6894768539400795,3057.597020852804,102
406896,4413.219841912899,18.62567297242346,3,0.39225545608570556,4979.669522840509,750
89896,4013.6229781445068,29.616743488112704,5,0.6091495745527412,2476.2590581411896,757
482095,5600.806909769097,28.434701662427972,3,0.43558797046912856,3384.6831697788075,1308
76295,1560.850056847818,6.079343394925292,2,0.35723255816692556,2334.025646784562,107
224686,1827.4620236477585,9.120370393235929,4,0.6431556740984959,2449.699714580561,462
367833,8619.238353925039,8.293219336364048,9,0.42354435969458526,3721.691164470714,669
278255,9461.69346671499,23.14949774963239,4,0.5635421616907368,4739.1252995985105,322
304648,3739.360069634732,25.444633246423628,5,0.5265774740346506,3077.90759206775,0
137874,2714.7392847041024,10.337784157766798,8,0.4887025237563497,4027.2797015848755,552
13155,6443.555436957768,17.646317323795724,8,0.4983277890594156,1174.667547031248,630
471872,4093.254369269983,26.01757570028,5,0.592895165636915,1686.8637572140933,280
306528,263.60969304684517,23.320038619156264,3,0.3351091656493762,2908.9528918620363,0
379705,1569.9644476882418,18.555930137296208,9,0.5672722647831621,884.0492392408541,697
52254,7162.562566185501,19.75869226146932,2,0.6583248405594314,1861.990910802747,448
289062,6592.650179682412,17.709013672907,8,0.32311527880794566,2973.085417264858,906
90981,280.68896510980005,12.438711282970514,7,0.3562613356934667,862.837032676463,1125
458929,2227.501897710165,19.125549821475403,6,0.5866527746808126,1911.0944021493751,0
35306,2318.437217914833,22.222132551252265,9,0.474912659297847,2958.9294417986516,60
152718,6722.208508551297,26.833072896520193,3,0.4614194483254753,3207.226841521232,568
313987,206.9082721660979,20.907283849481203,6,0.3547866538176943,4688.157110832282,1079
125975,1050.0447340258927,24.02803842607895,7,0.5027080162871151,3510.451617652553,0
363745,8001.161692878161,9.001790873864325,7,0.3506181244785509,2541.8903706259734,1584
488951,1793.6611739227928,16.538936860494747,5,0.49064818252421616,4707.474943958885,483
112512,6530.933617440228,5.233290495677332,5,0.6054461195846627,4096.508530228736,407
152443,2389.445982656798,11.166971613040577,1,0.4033057431548654,1640.03746867354,175
475587,1003.4195136658582,23.16154287782512,7,0.4923144672718909,1349.537917665043,197
378616,2439.290188084546,29.795248783734085,4,0.6968063877587343,3638.4088701194783,1062
138121,7225.446649238035,7.479452489680398,7,0.5746601693416149,3151.509295423332,0
167688,8558.407716381795,15.037357896532207,5,0.6365427085220794,4116.629177929573,837
370871,8303.896447024246,25.00177421747899,5,0.46593904262421826,3902.981210330483,602
380037,3977.8634608883635,10.100890865722471,3,0.6071443692503421,3425.888442201563,31
288076,6684.170514340755,18.877123732557155,5,0.3162036691765287,4942.805120841347,1941
122796,2057.7931112040515,23.32678240074187,5,0.34916447301689796,3041.076866463716,618
296999,2938.5458253075226,20.399636256504476,4,0.38122823716802484,1275.0441773072234,742
197506,8964.394827025986,9.700618365385402,3,0.4607807698460878,4278.748972227151,1202
470910,139.889215872253,13.884614217143486,3,0.6382979513303052,1857.7841218519777,0
179088,864.2302232361361,24.59479461213493,5,0.4385064203151722,4064.6690222044567,1257
274544,2086.783688908813,18.855662853300416,10,0.5618484774061852,4819.849803200215,0
385002,275.05671669945895,5.130740338572818,2,0.5837257179213933,3726.5411586502332,0
178714,1822.5399965470751,24.024769000702346,5,0.5344729416353365,3303.3266759891644,184
20151,5834.585194087224,5.882783873505977,3,0.4428967872680545,2733.6219378351707,678
449623,4220.031260419055,23.643344568280803,4,0.5308213366854176,2330.5214371806937,679
71690,8927.79039365898,10.062014004130935,6,0.4369062371158985,2282.6199540817124,522
9499,8176.261181767025,28.951837002984504,3,0.3335494954208048,3472.7653639802807,737
11295,3424.7553434617807,14.198518782552112,4,0.6971215912744058,3955.347091138533,0
388029,2601.640099978612,13.173290408451978,4,0.35087298145300433,3649.7716918345404,0
393215,3803.1271575909964,8.722201258311117,5,0.32893935353442294,1633.3224250129633,754
326184,5907.046475722929,12.640105387255371,8,0.6514122996828623,2874.746156602663,889
279327,2687.9557718205338,26.916269045705015,5,0.42073386435715804,4124.888303168865,1309
427515,6245.247589412849,29.908358440681184,6,0.5601187896294031,2797.9571283940363,348
148946,4100.022405390491,14.207738262671208,3,0.43160229186489313,3053.817774889074,760
383480,5524.951336711282,16.215265773863564,4,0.45658170831778844,4038.771402317453,424
37711,4366.904026061814,23.051773455068425,5,0.4048451888067186,3577.3142863133844,1104
272683,2951.7129378237573,27.154894511626864,6,0.4372176023172041,2519.2486677060488,1031
189423,9485.048536551945,19.826108354669604,7,0.4642801602346172,4560.73338701572,887
459483,7638.42188365601,14.788142454445733,5,0.5881664276369372,1482.78168838661,479
184426,1409.730625906861,15.315546021215594,2,0.5046144776939167,4981.1690840793635,790
393207,8685.995079220149,22.39045366242017,6,0.6774260868627907,1299.1808296001964,1089
138629,4879.4376705126415,5.080456590106967,4,0.31675215753551017,862.7898786378034,2
305504,8946.576746671974,20.489733436496017,2,0.5012273290528112,4538.079384824812,94
218090,8000.554006913679,13.887325261033935,4,0.5336899155326872,1828.8047351370155,465
138272,4257.882909647642,24.854933281927106,2,0.6680787944297095,3864.738435276228,1282
248548,234.4683901179728,7.3247659955783035,3,0.319663409448571,4206.264574714691,758
466713,2694.086820255611,19.705056673709763,4,0.5293998339740864,4407.74284233489,0
183047,5420.92580446206,17.024322247153094,7,0.6414519714111828,4964.6957897895,0
288501,6338.447416063212,21.058138147630686,5,0.3967710912476946,2034.9667821679961,1259
124121,2586.297977477691,6.621339862074208,5,0.6505169394095749,3783.022036094488,0
82505,1402.167179987513,19.499594685703283,7,0.3076173637097167,1284.6794047794785,577
7869,8350.953065624999,19.03711469898809,9,0.5929818516534919,2508.5990236987673,359
262186,9844.177785228485,19.016502360404274,7,0.6732452884674611,4361.481111912879,1608
459351,5261.6449212038315,20.08719166491137,6,0.5628790646560249,2344.163793448255,212
317252,1725.076065624552,21.911698430659055,6,0.47561169759217914,3282.600598249579,993
117296,2730.350191928496,25.124724992019242,9,0.3179524065890872,2915.848463643463,571
99179,193.72285870919268,11.745518003205358,2,0.6680455253290515,3512.9964306705892,304
95272,9143.845077539385,25.62623525450155,3,0.4881184890766299,4886.156435428318,0
43467,1186.3333180725099,17.45639205658634,9,0.3115986977343792,1034.089211305889,0
290472,5769.399590387393,6.92645697835828,3,0.5759284285315047,3210.638373506845,341
358556,2747.811654665188,6.46377323109948,8,0.49273490143050325,4424.720872851196,471
485047,5546.238245132776,13.35595796740152,5,0.34973812697696427,2821.8073893433957,0
140059,6517.689679635124,24.62242442778669,4,0.3857087237241038,1129.814180954606,79
63871,8299.120619034944,22.692023368522893,9,0.3257962721823385,3154.265280150438,1005
420615,2072.148504888426,24.71537411681016,2,0.5297174158834294,2194.710341460046,737
133391,119.84832829821997,17.931726411040234,5,0.5488117917008036,1450.7554984193307,171
444430,1377.4874443873846,16.004974948887266,10,0.5022969193421777,4365.944955790586,791
497738,9001.18623206257,8.686313167657099,5,0.6268408532010459,2990.717954562711,91
91416,8740.161874849528,13.20481884023279,4,0.6444035285232054,4719.760931992079,463
337415,5978.15689068138,15.850484154346882,7,0.5462497586732507,4185.2693193328905,1414
311208,6009.163435732197,7.215010741990431,3,0.30510259188297223,3710.4815338494027,515
261687,6653.716378717092,10.51529881778028,6,0.5780918622990943,821.1071141343101,579
206163,1761.9590734482615,19.955632351593472,3,0.4671996867681406,2596.8585178806497,1513
112450,9144.975339790348,23.391577855979747,3,0.5262229932905548,1629.4423829385355,34
176890,4193.51754367181,29.95868778482374,4,0.5596322408075538,4625.351226405244,997
443741,3837.5538972124796,28.32783328358894,1,0.4400946457308307,1533.2527356407131,1407
286974,5193.987875775547,21.06412998837979,2,0.6668394020687176,2001.452216968999,381
415645,479.1900080827999,15.5312013323518,4,0.35358994669991245,2970.7144244848964,734
405109,1671.1708538732332,20.90443411770582,5,0.5686047229124149,1906.1271997919328,0
121381,7382.955828099441,24.641290452005798,8,0.30174383198263216,1681.4316445723089,347
478125,837.1586925720134,7.958404773084683,7,0.6698604421620723,3316.2171654315603,464
52333,6035.489573569218,15.247622242407207,7,0.3450016532952366,1173.5039955711002,903
139508,2461.0376057163962,25.99505714089043,2,0.3379536920590298,1044.3045866278837,985
210362,3899.0631842793455,14.5958237983261,6,0.4332030532208977,2363.4302397815,1212
343357,2894.050430339292,19.296806780679663,8,0.4494265144156322,3826.790708933022,441
404111,3563.170437484842,19.694234021554955,6,0.3857200289291514,3130.1883847505815,1106
155810,7193.268592790612,9.611906328340984,4,0.5340486643708499,2576.081167560471,350
297890,2978.2459390755184,14.05588604130721,4,0.4771656392167854,3176.156569743246,842
54377,5668.382356566003,13.362782218548304,4,0.313670235616435,2334.896235543749,568
446620,4765.743517969006,5.65491771330162,1,0.42786082490212024,4731.814608814874,650
321189,6640.0749419728545,5.6047940972838814,6,0.6241731654292682,1030.600541825252,691
365032,9368.929095854332,25.792426091894338,8,0.5758806139447474,3628.244211925308,61
438006,7328.3952511304005,11.82677024932031,7,0.5899483414319522,4543.387192276552,78
374599,2157.25438212166,17.951969155970385,7,0.5792467696334094,4176.315776688065,478
141672,321.51951926223387,12.468139339719325,6,0.42438920855321327,1572.9723462500763,0
230732,2630.0178025552527,28.51698112788351,6,0.33986556883071034,2042.890665717211,922
360323,5954.828527695546,11.482418971644343,4,0.4089868736132384,3811.6013425698397,970
176836,523.743876707661,15.741420318473377,3,0.6327141200740637,1153.9363485592153,396
210615,4968.698809540351,26.818256262115046,6,0.6921883191132284,4209.819139296853,56
50714,5972.460060679723,26.048339169795216,3,0.49753880589662447,3819.4091673401194,1302
455051,3349.0964692614384,9.652535446156932,10,0.30388014196921687,3864.3479267884386,1456
107946,7711.412915420761,25.06608274489276,5,0.3560179248536916,1221.0137551238838,761
376760,1074.9165488063802,16.454672168447317,6,0.4288322301265063,3814.5942882281697,608
110983,760.6264395407295,17.07422180213388,6,0.5314341394371799,3655.2361259238737,387
471960,7284.605674473997,8.336999310398594,4,0.33003745832212555,4289.874461451773,863
192563,4959.958248899922,7.015037843928116,6,0.6773429194839526,974.7030162771719,323
129123,6887.139940313083,23.19848267434413,5,0.44603346931376026,897.0648075647272,609
416805,4353.925112651425,17.411528808882494,3,0.6650336871699292,2366.629819489955,953
310628,2471.556312058677,15.92126756537949,2,0.6122087211028087,1424.9107921664422,1529
87989,8192.832153565254,23.237705716309918,3,0.6021749090062325,3145.214805794932,0
303356,7996.164630900103,24.137822474777742,2,0.5426878319128927,4652.865386328345,695
310669,6950.017743835723,8.97270419173384,8,0.5507135268207378,2444.214867402866,0
183274,2728.7299209273274,20.255628736941034,7,0.5552012940864992,4348.791584544937,1239
168707,5906.40436202218,8.383852056942139,4,0.5514885548102328,801.0116729750392,136
330352,3616.1292304308677,23.784377150726144,3,0.5214912925593445,1507.7615025285736,0
300972,924.9049125330752,21.42387890667849,3,0.6945656073931555,927.7788665471596,650
416927,9173.962618867805,28.91536552708645,6,0.5929162269702783,2178.2181581632885,1743
270564,1376.8181228804244,6.72395040891053,5,0.6107785553570084,4614.3963019253115,580
363896,9502.871164669816,6.426368028781358,1,0.6489851260334696,1207.1989191157486,718
136373,4465.597671849978,12.054676867330004,8,0.38625590509033964,3346.9210623239615,641
443452,1859.4779590978103,11.54264209339765,9,0.33352166363802427,2696.2829443016653,1069
120294,5423.590464309797,11.174469976799996,4,0.49315777463943944,4741.566491936412,27
464451,8730.728900405318,27.656364513025917,7,0.5056322782477092,1314.5803986557942,788
452456,7324.926615231516,11.238654996237653,3,0.631672711979967,1690.5169721093616,362
129019,8067.545867135883,11.798743153215774,7,0.47751343171293426,924.0762681682718,0
70726,6591.245833440066,23.984956560449092,5,0.5283412102177251,2622.52804845177,460
146564,6925.842879533346,16.2434960612635,6,0.5108283754053833,1966.8981781715481,1131
382812,8493.46455913754,24.41776392387953,8,0.3152811135029564,4453.6049223393475,1106
499495,2504.1834085032674,6.6341539391096305,2,0.5460859586387655,3340.7514154305713,646
273246,4899.355386794973,17.189279841834608,4,0.6312173143097008,3379.181099497947,585
186408,2219.882323777826,5.840340004582066,9,0.3630002192303215,3034.0249269014703,536
123015,9876.803399886503,6.5663300863838625,4,0.5377326935706382,1185.7714163626442,204
221386,9441.152803469267,27.660936333610273,4,0.5374442177785657,2669.0784716464923,674
259079,403.8738455713739,8.48113427793988,3,0.3656739856225435,4997.9217967757695,310
31641,7058.695973431728,18.31051705688043,4,0.3493854294922944,4307.9630215532625,737
170656,9253.230690982502,15.277390065017663,4,0.6920207771905938,4552.528027501887,861
168817,1813.947697822062,13.683583156471068,6,0.457487667861215,4257.550708835298,255
421309,5683.772853220768,27.49583364218181,7,0.3909686914894117,1232.7751124101273,494
464321,9155.728092904537,5.545584919387237,3,0.36852981778175,1755.2826670721583,2210
370890,349.1203260721304,21.594742154389728,6,0.567040685433294,813.1109356969205,787
498415,6977.228469795931,29.08486085533876,8,0.5437781189309114,2074.742524488068,995
450101,2980.516583651782,19.00420458654605,7,0.557420849194967,1256.1510898552688,348
41631,9244.717991811538,28.420561550827294,3,0.33520241100458087,2785.732050266649,565
247289,9710.871869202025,6.306446982150594,4,0.6574138333993748,3643.935452010388,575
77991,9443.222226243204,15.469832976854034,6,0.4557065587236193,4472.922239159923,854
9014,4747.4000244080635,11.503944774051279,8,0.42534776257214313,3946.7120933817723,0
278237,8621.80608338324,23.270524124518246,3,0.48494457889909565,4742.059502269722,0
23070,8447.048491365353,29.532427262431167,4,0.45602642629905127,1026.372819653913,424
302921,3197.8137277001238,11.413251561106195,3,0.6454308012556583,851.155308749474,448
61958,8290.865586765267,21.354365036851863,8,0.6717043900791568,3577.6200781120933,583
87074,379.70627080777126,9.952440818993503,1,0.4213812865798425,2015.280122933434,891
15729,5966.73608603571,19.133256364290247,3,0.6455743229839819,1864.7042676442472,0
235785,2307.7882845041536,16.598312167208405,7,0.6126092518132269,2189.725768313936,0
181089,1214.4631889150153,29.300133240788426,5,0.6723230689379047,1933.1434431479295,1180
202392,778.7624842757995,20.213181817411666,9,0.3983001248743551,2948.0329064666666,413
163823,6965.924871022617,13.737659302170469,5,0.5307836600483916,2648.6234783413565,1001
110864,3405.350888042981,7.852394622198334,4,0.4098178338961778,2952.1999157819564,1337
398002,7250.420047572327,8.781170718373364,5,0.6296377961937496,3625.397168301832,231
214141,662.9098445814343,10.632923248780877,7,0.3021296762284257,2425.9481376788226,185
372654,3159.7504749277973,11.27416653350745,3,0.5259276651545584,1855.4922859970586,232
59748,5399.518010829619,26.265401446028445,6,0.43568137250876715,1498.042254596731,0
10801,7909.324416741246,19.030569707063123,7,0.42907348283112806,2267.791302037027,481
155262,3194.3375042913785,18.08477278435916,4,0.5579625295459667,3915.5871960339227,860
447905,6262.654850605721,7.869221796730437,4,0.6405937797255975,3978.1606224681723,798
240362,8860.91770487951,26.503492333735874,4,0.5436781565573304,3601.0026240736834,1110
449209,6162.473249941223,23.070357580212093,3,0.641269191458689,1782.9183362888732,460
34592,2337.2651527888015,6.69170904750004,4,0.40583884475241194,3269.9622325897303,0
277791,253.76380774981482,22.69587743074422,2,0.5078007419059924,3196.8965786227614,961
144788,8702.28775027029,18.588455433566153,7,0.4802146156268304,2833.918032060847,455
224963,222.48141439536752,7.0431336436694565,6,0.3046579598012385,3109.91174281223,328
485761,8748.269710115152,16.45751603821641,7,0.522724857256296,2865.520657019406,834
253710,5294.081968931848,17.117407178251174,5,0.56460972965847,3174.9167375112543,1262
225984,9391.286308143834,9.144363504081895,4,0.536765761767628,3805.125009408741,1139
377771,7989.844525378917,28.642453675007058,5,0.5945119595133685,1260.438416494447,139
337460,9979.36176422804,26.249384287016547,4,0.5285358113812308,3948.4281590258997,284
263067,3513.6110363625844,21.725558433227707,7,0.32670010194030275,1370.7218305358956,777
269512,7674.211006421958,16.55738902501518,5,0.3465782096338845,1079.8375933235739,599
82575,4025.2898269563293,15.294138539612712,6,0.538589831017581,4899.534682130164,211
273799,4803.95744683605,21.274336678773853,5,0.409991676789456,4819.365429255854,1080
242549,6278.779577551517,18.635796735172637,2,0.3318580516139063,1053.833488750369,656
75031,8738.034370721523,6.5568276470471405,4,0.4718410973794187,2661.664454194841,580
474645,9840.993857300959,17.812566219258294,4,0.5217290392334621,1582.228740859054,1180
489299,7685.0514045065365,25.160090430820986,6,0.4314983953398426,2838.448567964556,595
92922,4183.490153851664,16.48099693992395,11,0.5881734808903112,4286.7444205982665,1262
453982,4219.356452747931,6.298914438856711,6,0.5575082432404979,4792.5694539201395,37
129046,7378.447192873026,24.656954984600826,8,0.4331273444366688,3463.8611444964567,1035
411619,2395.38368622534,10.03409455339936,5,0.6019490115634243,2286.4038022896316,1055
37097,1113.6363901826326,11.465520872200969,3,0.5594780170132141,3333.9673757073133,0
476873,3552.6753548313577,9.117658835807397,5,0.5549781514871608,2110.4054856554912,227
147038,2879.5175266242763,13.25537662178744,1,0.5213710803148272,4621.259291494654,917
129862,2970.118123355341,23.918787642215875,8,0.3045558672354211,4455.681945044515,1070
235229,2343.7414329886,17.984646487598432,6,0.5786028733907556,3144.573351174576,308
123834,430.51096446725523,10.122031853767814,4,0.45041671644366255,2164.1554445975144,0
98848,188.56060798680397,26.94575195380102,7,0.6770438840634622,2032.236637448509,818
57921,9877.346673462955,26.98954637378823,1,0.6271939084308822,940.3555777612497,1368
185798,4283.453606021265,26.76446062615017,7,0.5350777878125248,4226.447574306239,3
131141,3849.4232051252197,10.969905284538482,3,0.40087279272770776,2691.6094947638335,0
186372,6799.676354103768,16.280983604524703,9,0.38148695731106663,2165.5582992811105,711
289821,2190.356339771991,29.624741403521877,4,0.4361539350710196,2778.663490990566,817
60609,9500.11222766275,24.30031190774976,2,0.49062717743200734,4238.699559909539,623
232897,7865.586694011365,5.679185530638995,4,0.41842620401557884,1323.379672371589,861
454877,903.2159130994726,6.630114781512301,6,0.5059717981569931,4402.155150615675,0
36024,4181.631950091434,16.598284420308318,2,0.36614817020527435,4569.537107455087,0
75313,8792.391892546026,27.730505146539002,1,0.6910851251301999,4776.17324314233,558
394957,9447.87290269119,18.467544948817856,7,0.34316982198599755,2469.449568175037,820
189078,4679.341097386198,17.445312700857258,7,0.6727776558617488,1711.9896969582219,346
362429,6137.97977821497,7.636842498915764,6,0.665431204561078,2369.291437560134,0
413554,1678.6691214598316,21.41950261810735,8,0.5101441927277992,2198.230804171894,0
466243,9911.774575108395,25.552579015005637,7,0.5899641087344337,1539.8464325120121,625
490988,2324.4002968205996,14.510500187689058,5,0.4744193191890351,3350.5200144262494,857
118632,9427.890423609906,24.39029627313319,6,0.5520138310169753,2801.8214741362412,1414
478351,6499.970023433761,29.11191634752029,6,0.43623037496844747,4435.944167760816,1371
417724,6081.290580839803,10.094161478192227,7,0.42046360791417814,934.8602380246447,116
256451,5131.75822505492,18.083240779868532,6,0.5312919144678054,3504.2452957315304,0
8051,2314.391419060409,12.178448952114389,3,0.49925186967359214,4004.3852897485567,532
184819,1773.5150397350276,24.821360475845985,3,0.5318145476599924,3989.8435905908896,735
381836,2212.657228611052,19.43983414702894,1,0.41466423251480916,4521.510661801205,623
485358,1872.5182388211026,20.864560438757593,5,0.4467831327267981,3861.941719883875,0
92235,7798.048890931866,24.947853990397352,3,0.3335591842515637,4696.802258920325,279
452237,3507.7513390756335,14.899261816561372,9,0.32091054890888226,2197.1577192477444,460
202484,587.8483388683297,27.87725171017608,8,0.40138285186920647,2913.479550356481,653
194407,9691.335275106705,18.3257216811535,4,0.3296987437322183,859.1345857881408,1112
454395,8839.020990784622,8.9488705708837,2,0.34150988345389627,829.2218666738231,705
430309,9278.245309120177,22.39747795422006,3,0.6251713621575747,1808.5318058963835,959
467894,9949.12914823789,24.83153376095636,2,0.3155494788066757,1223.3902279841582,897
216810,1747.213539702678,12.919041926688166,4,0.5635771175738971,1892.8877453301652,630
437950,3968.457768837561,26.429481424968824,4,0.40902309952616017,1543.5818370192692,733
208687,7584.8023722838725,27.65358136914416,5,0.6486182722832505,919.7841043223226,751
78523,6963.2459743573845,11.922612184445224,8,0.49399691383099975,4619.077414905407,425
241175,1547.420104335152,29.58803681788055,6,0.42223058373113026,834.5371518333444,492
99476,8160.172918656272,8.517788201218961,3,0.5070555742757737,3891.545006215759,799
238841,2252.16131264824,10.05039171006225,5,0.45278320761810753,1439.0211250619695,424
284163,2245.9379720780043,9.605620980950654,6,0.525720425867932,4631.3644123983195,521
350757,5374.374484705201,27.34974275019676,3,0.34581314733053925,4549.74294627752,1337
227866,5933.469949068614,21.357313808124047,8,0.6987962011250204,3546.3848147508807,749
91672,5805.061216299734,8.802607080556822,8,0.470222351078687,3623.3834291625417,138
78847,923.9535056035712,16.008085459208722,5,0.43929225588294746,822.4243962726919,688
349894,8775.8340176775,20.38245062674505,4,0.5840839393265059,4936.460577677129,87
215706,2663.3444254611736,7.086602124734583,2,0.44555976259813296,4486.89693501842,0
33251,1303.8540636152136,27.06040921018347,6,0.633309722011503,4559.446148066387,573
108481,8888.593317891082,25.090088386038378,5,0.48170828974417007,3568.827055613662,1026
379710,9556.958467315237,17.630169339415957,6,0.587823365306174,2248.1051003490534,148
30945,8622.654896481852,29.17816538147926,7,0.3429812865767546,4553.32432618002,611
357996,8097.065586501532,15.444024481877493,3,0.6384476742220446,2024.3710982350078,350
37217,6555.867386583827,29.602757975912446,9,0.5942871947112439,3163.388482037252,452
13308,5513.065132385302,21.697999970090677,2,0.3846867113847863,1218.870083844306,981
273093,878.9977315149873,20.866781831348536,0,0.3581144038983146,4672.213646557551,700
188062,4090.44759857628,9.148872382394625,6,0.4265169394902497,1391.2359226390959,359
399366,3733.158284953017,27.0481939576161,4,0.6904282344127617,1744.5665840677107,287
225552,2604.940299765659,15.68724219801538,6,0.40273262982682345,3144.163464138503,0
105235,7236.966935748964,9.055835144561984,4,0.4824508835786533,4009.1906008945225,1233
79740,4963.798593436921,5.315187999393976,5,0.3120080902869345,3401.2754849324556,666
383496,819.6516969174029,18.993892090959562,2,0.458891011826493,1774.962433760656,0
333761,2209.6301874786154,18.18499055306691,5,0.528528006173241,803.9607786154594,741
230913,6835.755048959363,22.983840559228963,4,0.681249845003186,3980.0324372912446,628
284040,770.5472863080988,27.256451325445052,3,0.5066944179760258,4937.870768826594,278
397942,8513.557071347199,6.985164616075738,5,0.6276429304710751,4201.63510528558,847
182247,4956.5138048696035,23.287412258509057,3,0.5188510570275602,2732.8677962577844,178
143877,4811.059907493213,9.685298602439556,3,0.31631400537420723,4595.822497876248,248
10237,5928.153768748581,26.4544263289291,4,0.4260033100759096,2521.36022709707,660
25056,8248.562849592241,25.476587846541403,8,0.5302198031324412,3004.7231538225637,481
181615,3484.6139869429085,18.51984387463861,5,0.6802375863724497,2803.9450230618695,769
192628,6783.381364065045,22.75606996558279,4,0.6436521439004933,2680.020265195205,1573
119548,5661.662320317952,12.85875282959371,4,0.391342245671539,4055.8012310344043,111
378632,2677.612418992519,16.779197473320366,4,0.3880439320076654,3012.4294105318663,0
139415,8787.513563688028,25.54092244276179,4,0.3804691868455603,2130.2119125059075,0
411716,7976.285955853212,16.481629929330346,7,0.6689995585210012,1884.264304165609,611
451438,6587.93382823767,13.944956633136044,8,0.6410664612406882,958.5387312632203,264
34375,8507.311473651476,17.3553111812575,7,0.6099533729011795,3249.419679908793,765
145734,8674.269067588426,25.70623131093046,3,0.45709404568969103,1765.8379446843437,809
21964,7086.546137383198,13.380201184271819,6,0.5017522817195067,1422.162472468809,0
118429,8371.763150353083,9.344039828393594,6,0.48573269791806106,3546.0858480762463,0
257764,6977.739902076143,22.80035050826952,4,0.40135924302374903,3661.078882850505,824
195710,6804.606309885401,25.649455317702046,6,0.5020112184595067,3959.050547482197,763
471882,6189.927668369691,7.5159369630883335,9,0.31219861914110175,2915.022964622084,334
221139,7529.639229180836,10.996852818898617,6,0.35272414939898367,4555.029341856323,0
72215,1594.4650018778063,8.549299744024847,4,0.6546358384675786,4732.6395642725565,469
336186,8809.898884397295,13.698535289554165,6,0.6006719068125692,4190.957947128456,1340
149356,8719.716842174868,16.258774472635316,7,0.4691473636236348,3469.4926244343865,827
208861,302.1803575152459,23.72065842408266,4,0.5068601449135508,2075.6280050829923,0
482880,8259.909338141979,21.278689622041853,3,0.44799955438399097,4928.368670804929,799
360612,1297.4099760597176,20.52321418696078,4,0.596311946864269,1951.371902206141,0
459605,3357.8373540488274,13.80937366524136,5,0.6136748716928317,1651.1590723598106,956
14435,7437.647480353162,26.036188827119,3,0.6053140760812636,2657.0472779036477,705
452556,1615.991361522599,16.782179184954114,5,0.5890446899337798,1038.7303969920315,0
180150,8181.4905709494315,29.477623450378864,3,0.3818017354771183,4909.676751621521,646
345976,8323.020437797843,20.85355345739342,5,0.4351879916961915,3271.420936948984,974
56293,5079.602660270753,8.156618539112568,5,0.48793817399346995,3139.198784989536,226
494197,73.79485845116747,21.90443905188585,5,0.4323171965710622,3554.3443755788235,235
83781,2877.510950417379,13.127600385792475,6,0.6019760800633316,2887.499320664268,0
196475,6173.099914573665,22.158179917152435,6,0.43174140969998187,934.6667717970747,883
165196,9812.04991849396,6.7410287040601435,6,0.35529283471413486,3371.7074131296663,323
231507,6321.817134896517,9.372035929398985,5,0.4596161808193216,3807.9302832170088,0
311063,2605.437774830956,26.393431472644657,7,0.691965773112952,2550.3460546210235,317
244833,6343.716973965117,10.679488925587872,3,0.3903525651734303,3980.64140269901,1010
257377,5404.453943361396,25.9260281310735,5,0.5448634635772915,1753.4054572213665,419
171319,7800.655497559925,11.98190221136026,7,0.4731892199358825,1729.3616824779729,1455
126172,1078.7365818813146,21.072047751467693,2,0.32840982705973065,1477.9513482878106,522
361902,7612.66874599526,22.353764337745776,8,0.4951506423992238,2362.3779911144798,899
489963,5417.253120974342,17.816368828626324,4,0.580865731459325,4357.450548634151,534
460968,9630.290118551356,12.632766917418282,2,0.5052879903311275,4277.23066102607,708
323717,3425.302938726474,10.316109409277402,5,0.6488424254986324,2407.861673446716,243
64101,6329.892712408142,5.829733864060655,5,0.41557480666303304,3274.2986911169937,285
293790,9320.960774045074,12.598660031018095,4,0.33449966852158597,3827.4285291946458,967
371329,1034.0721826268857,21.329069763282074,6,0.6746262446632024,1813.0684534376965,0
28049,9372.912587492146,28.457620461212066,8,0.45127853981128757,1506.1925607579378,266
215677,6881.978365785126,26.7801120565763,4,0.5305622205814533,4882.803171491706,151
365260,687.6922204606673,24.151619413382566,3,0.6168012504520783,3393.7407154803977,1408
364523,3016.626033798694,24.711183581332467,6,0.4297254655502322,4921.946031701388,806
73385,7084.639165566363,21.624622586899882,4,0.5864658152710445,2218.575145955362,767
131131,682.8325086730292,11.507171439150074,2,0.3541675399271312,3752.7331398913525,0
438374,5825.88289716097,27.679875767645747,3,0.4165174988822021,1734.9352734731983,991
201489,3465.371738960038,21.76830779764585,1,0.3578842544546079,1897.0407193504343,389
28289,6212.946022497096,19.011015774510998,9,0.6244922233605431,2949.988909332421,675
377370,466.9629177870034,7.774736730337027,5,0.3890596940907141,2142.3961271338994,0
367937,8716.65269346224,16.176388595160635,3,0.586961422162084,1504.0105681304549,769
276967,9735.154802082196,16.50895678004816,4,0.677319358898261,1904.0989483551691,520
196232,9689.089774304059,26.614090238066748,3,0.5111088836275508,950.1432567566314,421
309119,7499.021799111818,18.666205504694712,4,0.5160116769042751,3758.579210205444,1037
14540,1309.5615389050133,14.510013724260242,6,0.4844134272391248,2866.8899597606187,0
21364,7585.049327330936,29.420008212766483,4,0.4303560573574571,1195.8208788990075,983
402827,255.6232954234271,7.768014833157892,2,0.4902620123699668,1521.114771139663,528
32663,231.01427977468256,15.563710707798615,6,0.5411230129067037,1230.6450600731048,0
56991,3242.866089303917,6.0506168792851325,3,0.6943966288682637,3372.889794758681,0
193751,4891.545472142611,23.49760301917326,6,0.6751058237272897,1195.683527172474,435
371326,7706.370103899854,27.951913804978766,2,0.6448611833172486,3967.9857987479077,916
167049,6836.1208122989865,12.000933238762236,8,0.6556522142819433,886.1458611456429,454
99704,4464.568036703716,26.45854191997802,3,0.4871396733168172,1847.3783095827469,748
54115,2743.530396153842,12.305455761547444,6,0.5629777308709859,4540.800038746011,1216
358151,9971.273756575534,27.76925404109788,4,0.6580266891744856,3817.8315361134332,639
224295,4267.55120933737,23.8490475899196,5,0.4571803059965412,1106.4669982878884,0
196962,4519.356373053458,25.122669421035965,6,0.6847049913381875,4248.7296388377545,988
202459,1644.6019737047752,5.450163890011362,1,0.46631442482767316,2870.74751046886,1043
154143,7950.147392011794,29.07025892685065,5,0.5404330661572863,4356.488714109083,973
195347,6939.885435557071,23.16677480175808,7,0.5839218853089487,3323.1070526916524,130
470585,2215.488431759716,12.618777384653333,6,0.6802368052303753,3663.6987345380066,322
16938,832.9866457022686,25.734866621471173,6,0.3978465096209064,4972.706553661974,0
433411,6808.188027726384,12.03802996037325,7,0.5984523912954569,1775.8092928808765,909
358824,6548.567030668541,26.8188459891532,4,0.5083262344576328,3420.571413997831,35
9000,2739.862674712111,7.814509760298425,3,0.4074228562482564,2733.349838241073,101
206660,9509.1269868816,22.592149436519893,8,0.6106427359185562,965.6982022753041,277
368186,1519.0683388911934,18.51746191612276,4,0.5208889120695386,860.7766943120331,416
360754,4329.024662415593,7.4133617548860204,5,0.5643895282598703,1300.7600268350066,206
256492,9436.723042474312,11.047345706470974,5,0.4291604274311604,3526.185310261902,773
370835,4203.075896091962,5.3101009069328695,3,0.492509580731042,3182.084969236247,385
496072,6388.874217164214,16.719199136612644,9,0.5469417003952268,3124.404156887655,157
43304,3981.968035648315,12.531631519000008,8,0.46196432570793755,933.7984026186923,686
336593,2749.4098714632137,19.958937107443973,6,0.3793490159390805,2771.0725847120293,430
87986,9839.936703118685,12.43094519271543,3,0.6846561969261216,4683.41583493862,187
487859,4099.24672308728,12.497977787674618,5,0.5045870160170469,2469.8858511047156,1587
156836,8942.051044754553,23.579829968290085,5,0.5935681481150802,3424.6743731115166,999
113940,2307.246512851951,6.203570899458836,5,0.4644188774224232,4075.238437617203,180
484243,2138.915993210582,27.572374879799682,3,0.44205270561028653,4092.486172395928,1234
305638,321.0294880162685,26.306596859779535,7,0.46286571938684995,2980.97634606014,1316
270517,6520.151585505092,21.695117080660165,3,0.4636786575142599,4403.398170689812,574
148233,3691.578173800374,19.83053925268461,0,0.5176720463767814,2443.787992127737,600
102532,8644.938915897974,27.307562453491308,6,0.5173879479925452,4532.511502096153,296
359802,4737.366967848656,9.633254488217862,6,0.4988615263531486,1808.9540988612903,369
390777,9682.25234486807,6.974229054770715,4,0.3539143139669752,1976.9089093603984,565
105386,1863.3999018741802,10.987754247738453,5,0.4984301914002124,1023.1066216358046,341
32350,8687.545447876551,24.864456967504758,9,0.36764156016826055,4141.443713477588,934
98008,7768.2025593895,5.866756668162083,5,0.35045431451830605,2551.6319921773634,790
361441,7711.509227994079,19.570170877087243,4,0.6730582869364671,1762.289778427876,796
30351,8449.384448887708,29.885937904782747,3,0.5419800052590816,1773.5191659896345,143
93668,7612.629669520559,26.392402345938486,6,0.5637960232498337,4585.879753162779,258
119585,6265.9410130978395,18.036142226089737,2,0.46071746813334546,4302.449721936355,288
413521,1321.1363280470518,6.591022732166058,6,0.6635923567659456,3124.8297185001697,121
342497,334.93653311760664,25.784337859642747,6,0.5551721958318662,3387.6653617460283,921
212869,9209.269999678712,19.974462704430266,6,0.6076679478094349,2792.1673963112225,167
70953,6170.336642062173,7.873324926489171,5,0.4474249876110855,2444.999480090997,263
324602,7967.407536852002,7.346432120583906,3,0.6840047523276501,4645.002901116992,1061
287502,4820.408291610375,27.74067048591481,4,0.6281845160633259,1327.5733547852687,446
8267,1181.9088077343208,21.73000657345196,4,0.6415793852058174,2557.4765168081576,540
87745,1260.606064103479,25.732169982918887,5,0.3688777069703017,2247.160013549076,308
356732,6858.797219417424,26.97447250705668,4,0.40838528314848777,2892.233025054823,853
305657,4308.755890045632,19.294308801208054,4,0.4142506398734308,2722.053873089735,394
162164,2013.2420197363638,17.936158793876032,5,0.40836368929874844,2979.336032934542,692
16338,4921.029521946954,15.760685258024754,5,0.6421632648417152,1387.6597043533752,0
136484,651.4472813805895,12.923664694777983,5,0.31275391808343683,2955.1943063557637,55
12543,5823.894305124843,15.864899021467794,7,0.3304399955923097,1818.1590183262856,647
373035,2697.2441103066258,24.34699139325391,3,0.40956594825196146,1574.1916657504034,742
431712,7977.61541536551,20.04808577537829,2,0.37994918985977744,1072.303718902003,1445
65692,3110.515969646502,27.31308224887115,4,0.39274384555313935,4003.1407467757917,298
225156,4557.649289327194,16.08450035947969,4,0.61917727570132,2595.256067597552,1207
228992,126.08919368192535,20.17723946796885,6,0.5252506375568187,3431.903469909385,0
311569,733.7444090676432,20.78268882729972,3,0.3023082645171872,3855.892041879922,1018
43756,3931.0106285027814,19.79242905765814,5,0.4717291062816781,3653.1299943169247,864
23888,4804.588958824063,22.56584432713791,5,0.46315397074014353,2776.1030201766653,57
171807,6004.2052757118445,10.935836709370157,5,0.3455781077778174,2429.1738215972655,639
314439,2923.7091613059392,17.809094438644767,5,0.5704567154405829,2379.0316204907876,398
119352,6952.86904240416,7.605620070208692,3,0.5808388753517963,3488.2049471062364,798
350186,8602.622747920153,14.612783191120315,10,0.588357287620839,2878.1362907558682,601
90999,7800.711379044565,17.19167671553161,5,0.5913883782234368,4366.355441551745,483
22955,405.79206523008787,21.305606488636812,4,0.3000211307729187,4473.748334172191,981
304985,4810.264403105711,28.763276314655087,4,0.6815683215386888,1516.3535876273777,561
75640,1058.2524823975668,20.016276663708897,7,0.6256835068218651,1372.1813364920476,717
201582,2428.0297084666495,23.589847904413993,3,0.661592678635714,3447.683889351198,321
433127,9866.759306738793,17.656651487380067,6,0.30625731812297363,2065.1481418615735,1634
457247,1433.530473586117,20.85260078440828,2,0.6735435183142957,877.9970188134153,37
224798,4993.892652979047,6.773305403344336,4,0.6239154114752419,4532.299211324411,108
405573,6185.3757858380095,11.359789521046174,4,0.6348876571834794,1752.9832224239947,1291
430695,7027.625055735599,14.046327330128467,4,0.3373149538887874,4702.978737080399,415
66476,5600.8903480342715,16.81233387516284,8,0.595511211567439,3813.2246936886654,1328
311955,107.61076571764475,6.141218637559593,5,0.6839666758568363,4003.144657628234,626
172280,3271.3484693574787,8.500602438832942,8,0.5714189365672642,1646.1382823312738,250
156222,5181.939317413267,11.920357694782645,5,0.5282245618498426,1783.6165875906142,0
76180,887.7863264568853,29.288317272526267,7,0.6782518710995987,2989.324566061076,394
179358,3512.7630427797158,13.283675177576269,8,0.47717484869377436,1522.8193811294211,440
117856,341.699056825752,17.051026452802063,3,0.5397174265241914,2082.8131092687354,819
335594,794.9991865786573,9.902442818459823,4,0.4905353173977465,2150.142407380779,1031
419568,3975.263529253945,20.269501776894206,6,0.6731384885441196,1470.445719661609,174
191141,1335.8303828901728,12.017080387899359,4,0.3304338907062029,1661.7679002596751,655
379032,5679.733074132966,10.174814460960668,4,0.5004478803301392,4111.917736434678,895
115448,6897.755041681285,17.914315711149477,6,0.5747809765541754,1502.2225890985271,1117
19397,8007.861124099738,5.1376449790105205,2,0.6167626153688948,919.5210457444745,711
439771,2009.5009400056529,5.1916008162306335,4,0.5332074589776545,3443.2907590415416,0
183031,1683.1509967681068,10.476720227546444,2,0.6635670976485816,4899.1291014482895,193
398944,1054.6327249406586,5.918034062520529,8,0.6767965787535486,2191.0980214171095,0
448733,6367.938192940931,7.700643853267284,7,0.3257276892774334,1298.3539534242595,425
124180,7067.6925076041425,13.47151623346879,2,0.4609482158165497,3195.6267665436294,1035
71234,325.54558680816393,25.06464198949532,5,0.30938360868846176,4606.687686601714,498
44954,9362.760339974462,19.30121608423252,6,0.43176666294977717,4093.059475279611,1306
183352,529.1931236782094,17.81669314891041,7,0.5147472871882408,3414.566647333407,471
84459,5417.550389657694,12.337220580203041,7,0.6643179722039795,2123.2372857519176,0
414995,7093.514589314655,28.293842985820408,7,0.6386217289861611,3075.8967277601237,0
200004,8710.981546223395,14.925376030929792,6,0.3509998906687943,1183.2283334778726,734
471152,7143.728452002953,7.177319169894288,5,0.3372121498963583,3651.570781978814,470
422682,8019.263549867221,20.426662902945033,5,0.5357069355026668,3845.4032793701335,254
435155,3401.1074235026326,7.845959836915036,8,0.512847188983513,4853.13281622166,0
205968,8150.102886327657,13.630578570042303,7,0.4065510565720095,1893.668906729301,263
433486,810.3473153829046,17.685298467945223,4,0.6597812338215341,877.5169599806951,222
64163,8949.21839404467,26.855563117129396,5,0.6709465637846214,3091.5555505940324,1104
480853,5480.447837775825,17.338664508502966,8,0.461044575336065,3768.5201184666207,706
56934,8174.804721925312,22.556469150791607,5,0.6561210228454081,4119.7113987085495,1502
200967,4528.659662337818,29.82042097497676,2,0.45357955770518904,1613.7035187042045,64
430523,6439.341175013285,8.287227997449541,3,0.59472673273188,1899.3620499554993,953
321242,5268.762582751771,11.868288137987989,7,0.49037688701908966,2952.8818861226446,524
459137,7318.579322335765,14.86440188994116,3,0.34903326260287315,2188.5234018740075,983
10486,825.4835204855899,15.545704463470784,8,0.6711736804948085,4414.148243667269,51
144407,612.9173190657324,15.275526881638644,1,0.48163863735101464,2789.792645702625,771
354044,2478.561307761363,27.690275063913873,5,0.5937948161289615,4158.230305228412,673
131020,1603.8513543307515,22.85081611167141,3,0.4468695257725168,3238.602994025886,33
107795,8719.117830256095,20.197630352267595,5,0.30755235143049386,4046.9785947918704,712
225184,2199.947733706863,12.734317946569552,5,0.34021214347673434,2197.2265434273604,202
495419,9758.893905633122,25.594759605532367,2,0.4984877917959697,4291.949812107307,1130
147202,3375.5889597933574,28.876512787124724,7,0.5759857428505449,1953.2037253142905,0
354652,1829.3579777301059,25.529957063755663,2,0.4338941306317116,3093.6149936138213,435
242027,7899.088086353367,5.039127629786822,4,0.57819538367106,1698.8298753302718,716
123324,6590.490677253752,20.910034254585177,5,0.5794542357727823,2797.211390830012,621
327710,4986.975207366859,6.278384536052518,4,0.5815743629311323,2136.3358799365533,1080
202775,5558.081873866936,11.440180508343047,4,0.4970087416082033,1920.1544086763,849
294336,7194.825764939916,6.488117508694292,5,0.6659544600486016,4861.337075717758,540
268206,2292.262865899674,20.09488632373469,4,0.4956786071922462,1472.3112430442686,502
89076,9963.375821406851,22.16474783731517,4,0.48010607739865524,4106.76851732106,936
94780,9748.183689846364,7.862190951647628,5,0.37975232760425076,4933.492829829503,853
157617,6506.753606605899,14.595972076124488,7,0.4230620349425346,883.5862317083269,0
26689,2003.4290847821599,16.405912723888548,6,0.3169337970073213,3735.915138976799,179
278318,6805.4801418886,14.226325544022915,6,0.5534141174464681,1862.229583336406,0
355605,731.2621057019667,8.025625012129826,8,0.39941429757083713,970.0488621788786,868
393318,316.2184970360026,15.473694754686885,5,0.421662101794186,2492.1362316178493,260
370177,2584.2520562270247,23.779451195210452,2,0.6083258086657284,4727.914802717675,389
14348,4631.60333782577,6.775191613331387,4,0.4308884732645815,849.4133963413902,770
421930,8684.042329029722,7.004500352047586,6,0.39687835680525685,3269.119906105083,854
43102,7274.419006965417,13.869282295899605,3,0.3676230996534823,2905.865210100362,0
79460,7429.638146787811,28.543142790473127,3,0.6099433608727823,4468.213490358399,684
369778,4260.678411136273,21.714316168072852,5,0.3518825031960107,1152.8072009866278,366
94930,3465.8905755441597,21.96674891681412,5,0.48150150410014136,3662.4093255239313,0
11801,3716.677242216181,14.047999770946625,6,0.5027720464308777,3656.4607334197644,40
108150,9876.619141723218,19.84151978021346,2,0.5749559650742858,3610.13607082159,656
208339,410.6908222107,5.253279600693585,6,0.5533133929331981,4757.804878727155,123
184208,8671.644646263261,20.902401160238554,4,0.6242882691780699,4256.967621828898,0
159697,5790.96733163821,27.83217368940592,3,0.3179005735704952,976.2854502227252,1194
218945,4391.768037704009,20.31433670862048,4,0.4185762899117589,2778.547972958955,454
236915,7255.3240275472135,26.842464836658625,2,0.4120536475101519,2471.4028360456005,723
208664,4871.822724832781,23.099326386652344,6,0.35840676223684326,2102.6183285813686,760
213124,8735.498148435789,8.013960410092256,8,0.41567130154257725,2695.614245647209,224
442477,9008.011621472473,27.561332682146045,5,0.42390612565716135,2413.615576689105,1083
6542,4222.99205946582,6.661096108894372,6,0.5087537847709913,2615.8023794903943,141
288821,2775.509694378165,18.349186813694097,5,0.5654817915705024,4912.899835556298,0
182804,5927.579782647688,8.553428094836441,5,0.45244020544472563,1172.2584939482392,732
186415,9124.509822710743,5.292665268272602,6,0.5877880925253525,4673.369653322665,1357
44081,2114.515268166609,15.550856503190975,4,0.434466135431832,2816.994196578312,671
198928,6233.436169799193,12.376017691353905,4,0.4161134709259041,3419.7174310980727,982
360249,6319.28659872428,17.150012344940073,5,0.5164752223428097,4286.768459794314,356
224930,7333.799093928657,19.42999716836377,5,0.30948654412231624,2313.9447224268733,0
286209,1324.3611744213254,6.093476807723684,4,0.33191564945360014,2607.772013969461,968
219532,7161.091397174065,8.07508237809364,4,0.4671878174346108,2519.977617170599,1545
93092,9091.234881449753,18.966059911260636,7,0.6771650845567025,2373.8702946501917,1479
321837,1805.0342576137173,13.579183829316456,5,0.5886047119373694,4687.223150916959,182
294106,2383.0578159895376,23.2293371887362,4,0.3352506278002231,4281.505543010651,0
33295,9714.23698947598,21.307291214798493,3,0.6385272051123494,1257.7999574244996,187
18807,1817.9597575678029,26.14010907474767,9,0.5929203082432724,1254.1180804038033,0
440564,8545.307082762096,22.31232066673063,6,0.5443786102810613,2597.051962382563,729
162504,4927.855785915867,15.748276934753703,6,0.6281171842436709,1214.360982277798,1268
481501,2479.8384332877386,21.82416555986081,4,0.4616439390971828,3400.1910001387027,412
243067,8708.79151371239,11.884529356385464,7,0.3886004203415411,1403.5047504992824,795
490008,4458.599497476628,12.657837469455316,6,0.5048093556435037,2993.9677086605643,1185
456070,5153.025365757605,24.72462899801983,6,0.5195367022373895,830.3237774156146,421
438478,3598.7413603036593,16.160487910039556,2,0.5153305488039648,2129.7046633331165,1467
173152,5933.579005834925,24.959508512958813,6,0.5260295165920421,3644.201039425153,1632
399540,1643.6034871243774,25.56055934170696,4,0.6794819672956722,2832.9635489569637,386
358411,3916.9045511510894,26.439058441532094,7,0.6608982492384925,4908.73184119575,314
171981,9694.429100129522,27.91588089603018,8,0.6502868146235757,4471.235943478086,1218
225411,2588.752992684264,15.774630512832406,6,0.6205667243634508,2308.0972719812353,199
24870,6570.799278767509,12.97167045802847,3,0.6773712429061141,991.0434741835534,0
432794,3258.6487416047016,19.554968664852847,4,0.33939785667176126,4351.630460483078,1142
208196,7736.996525609141,14.279310585940689,5,0.4060493045782958,4627.18410332162,1242
253683,1317.4278705763147,20.026854170005826,3,0.49802237826183393,4246.635052359954,442
239677,9698.512240334661,22.639646566095614,5,0.6386137972493621,1337.3897518630124,153
31790,4543.3575184225565,22.21012546230342,8,0.502066284609093,4991.243564531608,0
123874,2368.144128831175,14.363822175503033,8,0.5992138957366355,1886.05373052165,387
292433,744.2325058268265,9.17150504246882,5,0.35558396209956644,3841.6606337951544,0
453345,1705.881471824532,15.763233461555188,5,0.40096552519062406,4613.746480610031,226
229786,5202.541746074617,8.56485360204772,8,0.592710438015069,1789.8858801889796,948
492462,3376.66173254855,27.252425879595208,5,0.3658936035550896,4614.685929643678,970
20485,8290.544825167268,13.646936518446434,4,0.4405423738619707,2099.8226326184413,1276
311626,4314.566361381441,8.861493680583095,3,0.40594650312542857,4900.935534013036,0
91188,2494.655583150423,5.636193997643772,7,0.43994467768899137,1981.2920855979933,73
9748,6175.27841617426,21.145559657162107,4,0.5833296196311881,4804.430463982908,958
222841,7070.704396685604,20.92255793636858,4,0.44713887245712036,1024.8875337492345,852
145507,1678.748659930489,13.515104164532291,5,0.5221053290431761,3778.9424490132146,1066
270853,1684.5159707202934,6.792797221191275,3,0.3399727508217638,3034.8667621154154,455
128961,376.3475550660943,15.2407223723808,5,0.6220070772938511,2807.083723915469,1161
35355,7366.6561305057485,12.780437376584839,4,0.44795545025924993,1738.676119874528,801
191843,6641.4072309418325,21.928015993375233,6,0.5594136636133369,3763.5023170612662,1177
456015,4751.56244874064,20.144481236317258,5,0.590155840664733,1601.3998640744899,397
411332,8443.26278520228,14.1148432049385,5,0.3838643688446801,3121.935543136027,701
161542,8058.644827971031,10.447313856374752,2,0.6538699939813399,1863.6305247690534,1010
178416,5857.690100323554,29.700899153889797,5,0.5464897006427811,4813.609795081696,1494
310062,8684.030092327454,16.35004052990287,3,0.4714900567005925,920.2510141097418,1039
319368,2066.3536882673147,22.206855894505928,3,0.3729340734312878,1638.8587764671934,371
44298,1128.0769977833015,8.513824189459019,5,0.6769203751604826,1817.7045468272804,868
347363,2704.7986190547263,17.139742491484945,4,0.60202728165265,2539.084868224829,0
66629,580.2976923322553,5.6884179967366375,3,0.38320982509329954,1777.4670158542249,0
333184,5316.38358473031,17.636377947761247,4,0.43508430988968977,2863.666179128898,889
497734,9366.690866026665,29.100435177942558,2,0.6238697032352293,4464.3551976858635,908
235907,403.0419712784114,14.605167824645006,6,0.5782710652861356,3790.6663699185174,572
295160,1229.8780409601677,5.97490031437279,7,0.6063137170862898,3235.8403182474663,267
28960,4527.468292551518,5.7738947729835886,3,0.47648044088517294,1173.8133475272546,592
300735,9339.41142510377,14.699668998671736,5,0.5865905050568667,3714.7668552349573,317
218920,3168.3994887177378,9.000623411579852,4,0.45459748914556547,1498.9399941059473,603
370477,5077.2757387970405,5.583802408204647,6,0.3845051667752786,4102.743021039132,944
247804,425.31286191341707,23.90534034875442,6,0.5530708139365439,1850.2383857426435,957
381965,1491.9485776112676,16.463075222047266,2,0.6904055702395177,2551.6046589477837,1344
465857,9866.43492835888,12.231119299316363,2,0.42424038855813184,2271.9748497352975,855
303539,9651.535777396095,27.50207957541202,5,0.48438783688501585,4407.018441634398,1014
134695,59.35040953475206,7.90347400501314,2,0.5696005484279414,1331.4867265963142,0
420916,9518.599736378157,28.89797072388298,7,0.516602512848995,3175.708506016112,639
301764,6394.808178776849,12.84916793443382,4,0.6373711182836197,1396.6587596608615,433
239286,8680.50376225502,27.21009180771703,5,0.6046970825878064,3760.142511755184,1329
133148,4552.851157782253,20.07357191198654,7,0.3233188815449428,4601.328136736821,224
287703,5160.80432550671,25.667683993537185,5,0.6993684935695096,2625.352146242464,1007
491261,4893.5773367666325,29.600329080261606,7,0.6009609814877869,2849.987493112899,689
360540,6671.973932885582,12.210135945468643,1,0.6455613265176452,4695.175913227602,478
197714,1405.116035015566,29.028387135189824,3,0.5604790848381385,2988.1638323273,558
212611,309.4361628280528,14.73704737256051,4,0.6425140512187049,2847.913439808156,45
288876,3086.2201164959974,14.637797618423058,9,0.3449531899714837,3228.9822313580776,214
264747,7049.760819739101,13.509677606362642,4,0.4390951342237262,3694.764892724398,0
96362,2026.515986708254,18.53519018368963,5,0.6505683774417971,1248.9101753655318,206
428570,6737.590008915924,8.853626079462178,6,0.38066208450675687,4248.664216514368,336
280987,9699.421340611632,18.84278713395028,6,0.33129683943200905,2629.121115303689,521
119065,948.0681507362897,18.5426203102501,3,0.6152475759780875,1103.8637415694393,478
338870,6729.295161069012,24.04754531512175,3,0.6341944622573185,4101.967210632495,1017
22640,4443.064690852666,25.84124904843964,5,0.3650608872759602,2383.1898810823427,642
57528,8682.741121231278,16.0110337578106,7,0.6417383931130861,1221.5434793992265,1137
305557,1779.7263965793852,12.558331233787344,6,0.5747071182388679,3461.8719660816523,616
264214,6929.333262739384,11.48337243292736,6,0.5080330732866335,4496.551684421295,431
319782,8382.77174358462,9.865595917621798,4,0.632100077112554,4528.564739538742,402
450952,9446.696052545492,6.441189554975622,7,0.4676996997275863,4822.186594197688,857
115133,6835.647802613562,13.561199470867834,4,0.3775975824893589,4444.3629310200895,844
373501,4976.775892444189,11.756192303269582,8,0.41394107064424546,808.991861250996,1179
204938,6182.293929610127,29.160434646660185,5,0.5020656073173259,2397.0128989362393,1276
155159,8690.360794942395,18.942720656251097,5,0.5125323170692703,4237.878835603113,441
177502,5710.391368921909,13.681925975762688,4,0.6222323305764934,2338.2626251935917,437
160576,313.56672637140025,19.5116900248424,5,0.6165410894609338,3326.503726794766,624
405330,9310.177468114709,8.479917533642388,2,0.5325466228818299,3346.5311789730345,1198
346003,6898.372242805296,16.101093730055073,3,0.6123141933461905,2333.106276963057,1070
366801,6768.368723914693,20.655858035526595,7,0.3767093833174684,4598.790494581408,659
409191,2164.5947724531948,17.222445794811286,5,0.32002581083731774,2913.559050621694,0
16023,6592.265847624245,15.044470016358106,6,0.64945352905388,2752.0936649375035,28
26447,3944.7054124850433,29.846209722492453,7,0.33022179750510783,4989.5577317799625,715
488685,6515.817440644506,27.007869053723176,2,0.3986753718975989,2872.70152910499,895
393043,1074.8643727768274,20.585148953986003,7,0.5781275798497538,1549.2726581000404,0
291103,6581.87459298433,19.23443402955707,5,0.46377917505092364,2954.89157602644,647
71203,9994.143120448958,20.5165119956146,5,0.6505255879662035,4218.870289183706,1088
386300,491.6382682169547,10.032802695560832,7,0.4191919178649078,4062.813372972782,0
165775,9771.97010037096,14.878443581607964,6,0.3047485386677437,4112.043413455578,1288
14337,4075.010527621477,5.986488322272483,5,0.42026225622429764,3773.6998927912296,132
51427,8708.826968869218,16.888650937170667,0,0.5312300196739326,1867.7148820800905,1251
328673,7826.030985742152,18.575614598941577,7,0.4503753501613173,4420.753160528971,446
369167,5674.492447256811,10.693743402580239,5,0.5139491023035021,4552.462554580314,11
351809,7387.107600420752,29.100721179137842,5,0.6506392475340075,1615.441325797906,529
110787,8786.370457400466,27.73636527343105,6,0.6649940216921474,1347.9136735158545,721
167993,4047.3618132938195,23.053580886397647,8,0.40638962586164484,4897.54086807427,353
300451,3277.0612840167546,18.334665719134065,4,0.48485618930796026,4446.960647331545,354
425571,6679.257921780211,26.749228991192123,6,0.5196576060965804,4551.591818281777,918
132016,8080.380959993173,8.266308595586572,4,0.6796449827552988,4522.78081542246,479
271979,7625.228496418391,24.762744856872125,1,0.6994469276657538,3075.084660941659,671
25159,7980.158352097758,8.120520349171208,3,0.39416289953661066,3514.887293996359,0
183677,4361.477314981201,24.855266563735135,4,0.5907919485383262,3090.523978961295,738
388934,8180.163819588466,11.894189206283924,5,0.45121242489327806,1015.0666665993821,587
372760,1210.8884631523783,26.927264525454724,4,0.30324327875448526,3931.1129584816454,1262
436304,5449.446088628887,28.601052345634947,5,0.3037010089743609,2922.3945400106973,224
345896,67.52901837623449,8.71989923512789,2,0.4842264030249023,3520.378114118965,0
322428,3252.6124407037,16.56689012663484,2,0.4953339652017338,2911.0871808972483,731
324187,3670.9507333652646,29.524684454067128,5,0.30902787862937703,2865.607553754315,764
171619,3967.7651891764613,17.085185899328664,5,0.5747709667097209,1521.5142598066207,0
364151,6957.717394831723,26.58868806286363,5,0.4176013554379812,1970.5976035928256,0
87844,3891.695431690754,19.718288053282997,6,0.5239572406143798,1467.1813061646144,1212
32532,4492.449289999081,14.383247697990047,4,0.4203676292661675,1621.7984416264383,1109
170421,2383.0658674345314,12.144588888146755,9,0.36685372594772286,4886.504997765281,0
127402,3738.7853983771074,10.080577277152182,7,0.4628694954395501,1443.0764722432334,124
123012,2280.423576358883,24.04495478444243,2,0.3929093459162003,1930.935782081872,1232
443661,741.2272784467519,14.663512670575697,3,0.5139203907676672,3280.476562502057,71
403929,6038.451447879966,17.78188655501878,4,0.37953141211459196,3362.7500201938956,361
61178,6685.445857564612,17.308137000029546,6,0.5033623906578508,1446.691344924082,412
54407,6198.708556636049,19.43197573082828,7,0.362951405947547,4133.613188297892,23
468556,4640.305497567718,26.639428640613804,4,0.568389883794314,4097.852045233865,0
55990,3804.059943990506,29.518483589585735,5,0.6015750737765696,1796.7343576563426,1053
473888,8634.703159222534,15.189605214345423,5,0.3441576936999735,2012.3984712369338,0
134473,5195.627033510818,25.687973052657576,3,0.4871209648149356,4739.549034929887,719
463761,4797.026957521012,24.11319486636794,3,0.3283486802619494,4267.820073113808,1068
483007,266.1642374062925,19.33822378638933,7,0.5392729782168009,3730.7475388626,0
325285,3419.0657979853017,28.90117859029833,3,0.4057617191718581,1145.3795303445222,81
422009,3808.154231670712,10.01186288821007,8,0.5110497827354831,2556.709139790818,1036
323714,3994.239581160036,7.731605257740535,8,0.5069844037537165,3149.0678627226735,669
231156,5805.921968581049,26.349049173885554,5,0.6697417384775202,1587.1274095318631,318
173964,5340.689441801515,15.978745415843708,5,0.5196332890274891,2682.551644854543,1104
6015,6082.971877006512,26.174221355176513,3,0.5331993918873262,3324.3086854524977,1207
66813,7651.1837828058615,27.327255129885373,3,0.4606612503057521,2174.982056484677,831
32712,8131.727529773774,6.561439840476786,6,0.6796318412731267,4079.9682395920463,85
105497,7184.049531502679,27.086619074651516,5,0.6108743637758438,4329.888242882983,500
406631,9555.681722589798,16.207976384235554,4,0.4141621161211366,2159.159771623097,897
247926,192.1435009368527,17.760812225105806,6,0.6376838343104928,4322.3600488683205,202
117816,1965.8220769786255,20.664812777330255,3,0.4729585440740359,1235.0215776326631,815
133778,85.55312103163978,28.15956516825217,12,0.6314668574134376,4318.462214215157,0
67292,6478.272394404484,5.477902360744101,1,0.6291552273174008,1441.5518130039895,0
290977,8981.32518401037,16.921086707945427,6,0.37554807470514173,1148.2940405408494,800
140230,2442.3881427972296,22.193051060764017,1,0.5804564525534308,3495.4566986522473,154
198752,9271.075102515104,23.067673942455713,6,0.41625718772261244,2782.1369361722363,469
287453,612.0712289927129,22.3133107884277,1,0.41899706799706726,4613.140521733898,0
274114,9345.015907787089,8.360878235203046,4,0.41853923075223226,2325.3946235815665,650
339618,3522.7106455239477,12.48488970929203,3,0.5902272990239792,2006.0395064380405,365
484920,1023.194076207673,13.967888135425337,3,0.3919304167170144,2903.086605805633,650
